X,Y,Z,Intensity,ReturnNumber,NumberOfReturns,ScanDirectionFlag,EdgeOfFlightLine,Classification,Synthetic,KeyPoint,Withheld,Overlap,ScanAngleRank,UserData,PointSourceId,GpsTime,Red,Green,Blue,ClusterID
572280.425,4498588.166,36.718,0.0,1.0,1.0,0.0,0.0,0.0,0.0,0.0,0.0,0.0,0.0,2.0,0.0,0.0,45056.0,10752.0,9216.0,16.0
572280.488,4498588.155,36.695,0.0,1.0,1.0,0.0,0.0,0.0,0.0,0.0,0.0,0.0,0.0,2.0,0.0,0.0,43776.0,9728.0,8192.0,16.0
572280.53,4498588.156,36.684,0.0,1.0,1.0,0.0,0.0,0.0,0.0,0.0,0.0,0.0,0.0,2.0,0.0,0.0,46336.0,11776.0,10496.0,16.0
572280.539,4498588.087,36.683,0.0,1.0,1.0,0.0,0.0,0.0,0.0,0.0,0.0,0.0,0.0,2.0,0.0,0.0,44800.0,9984.0,8192.0,16.0
572280.555,4498588.158,36.679,0.0,1.0,1.0,0.0,0.0,0.0,0.0,0.0,0.0,0.0,0.0,2.0,0.0,0.0,45312.0,9472.0,8192.0,16.0
572280.377,4498588.171,36.727,0.0,1.0,1.0,0.0,0.0,0.0,0.0,0.0,0.0,0.0,0.0,2.0,0.0,0.0,44800.0,11520.0,10240.0,16.0
572280.437,4498588.167,36.713,0.0,1.0,1.0,0.0,0.0,0.0,0.0,0.0,0.0,0.0,0.0,2.0,0.0,0.0,43776.0,12032.0,10240.0,16.0
572280.346,4498588.175,36.738,0.0,1.0,1.0,0.0,0.0,0.0,0.0,0.0,0.0,0.0,0.0,2.0,0.0,0.0,45056.0,9984.0,8448.0,16.0
572280.393,4498588.17,36.717,0.0,1.0,1.0,0.0,0.0,0.0,0.0,0.0,0.0,0.0,0.0,4.0,0.0,0.0,43520.0,12288.0,11264.0,16.0
572279.929,4498587.995,36.819,0.0,1.0,1.0,0.0,0.0,0.0,0.0,0.0,0.0,0.0,0.0,2.0,0.0,0.0,45056.0,12288.0,9472.0,16.0
572280.538,4498588.047,36.683,0.0,1.0,1.0,0.0,0.0,0.0,0.0,0.0,0.0,0.0,0.0,2.0,0.0,0.0,46080.0,13312.0,13056.0,16.0
572280.367,4498588.177,36.726,0.0,1.0,1.0,0.0,0.0,0.0,0.0,0.0,0.0,0.0,0.0,4.0,0.0,0.0,45056.0,11008.0,10752.0,16.0
572280.442,4498588.162,36.704,0.0,1.0,1.0,0.0,0.0,0.0,0.0,0.0,0.0,0.0,0.0,3.0,0.0,0.0,43520.0,10240.0,9728.0,16.0
572280.498,4498588.156,36.691,0.0,1.0,1.0,0.0,0.0,0.0,0.0,0.0,0.0,0.0,0.0,4.0,0.0,0.0,44288.0,11008.0,10240.0,16.0
572280.544,4498588.149,36.68,0.0,1.0,1.0,0.0,0.0,0.0,0.0,0.0,0.0,0.0,0.0,3.0,0.0,0.0,43776.0,9728.0,8960.0,16.0
572280.536,4498588.04,36.682,0.0,1.0,1.0,0.0,0.0,0.0,0.0,0.0,0.0,0.0,0.0,2.0,0.0,0.0,46080.0,12544.0,11520.0,16.0
572280.57,4498587.962,36.654,0.0,1.0,1.0,0.0,0.0,0.0,0.0,0.0,0.0,0.0,0.0,3.0,0.0,0.0,43776.0,9984.0,9216.0,16.0
572280.612,4498588.138,36.657,0.0,1.0,1.0,0.0,0.0,0.0,0.0,0.0,0.0,0.0,0.0,3.0,0.0,0.0,45312.0,11264.0,10496.0,16.0
572280.57,4498587.961,36.658,0.0,1.0,1.0,0.0,0.0,0.0,0.0,0.0,0.0,0.0,0.0,2.0,0.0,0.0,45056.0,12032.0,11264.0,16.0
572280.343,4498588.18,36.736,0.0,1.0,1.0,0.0,0.0,0.0,0.0,0.0,0.0,0.0,0.0,2.0,0.0,0.0,45824.0,12032.0,11520.0,16.0
572280.65,4498588.139,36.647,0.0,1.0,1.0,0.0,0.0,0.0,0.0,0.0,0.0,0.0,0.0,2.0,0.0,0.0,44032.0,9728.0,7936.0,16.0
